{
  "balanced_accuracy": 0.9642857142857144,
  "macro_f1": 0.9642857142857144,
  "classification_report": {
    "0": {
      "precision": 1.0,
      "recall": 1.0,
      "f1-score": 1.0,
      "support": 14.0
    },
    "1": {
      "precision": 1.0,
      "recall": 1.0,
      "f1-score": 1.0,
      "support": 14.0
    },
    "2": {
      "precision": 0.9285714285714286,
      "recall": 0.9285714285714286,
      "f1-score": 0.9285714285714286,
      "support": 14.0
    },
    "3": {
      "precision": 0.9285714285714286,
      "recall": 0.9285714285714286,
      "f1-score": 0.9285714285714286,
      "support": 14.0
    },
    "accuracy": 0.9642857142857143,
    "macro avg": {
      "precision": 0.9642857142857144,
      "recall": 0.9642857142857144,
      "f1-score": 0.9642857142857144,
      "support": 56.0
    },
    "weighted avg": {
      "precision": 0.9642857142857143,
      "recall": 0.9642857142857143,
      "f1-score": 0.9642857142857143,
      "support": 56.0
    }
  },
  "confusion_matrix": [
    [
      14,
      0,
      0,
      0
    ],
    [
      0,
      14,
      0,
      0
    ],
    [
      0,
      0,
      13,
      1
    ],
    [
      0,
      0,
      1,
      13
    ]
  ],
  "train_participants": [
    "p000",
    "p001",
    "p002",
    "p003",
    "p004",
    "p005",
    "p006",
    "p007",
    "p010",
    "p011",
    "p012",
    "p013",
    "p014",
    "p016",
    "p018",
    "p019",
    "p020",
    "p021",
    "p022",
    "p023",
    "p025",
    "p026",
    "p027",
    "p028",
    "p031"
  ],
  "test_participants": [
    "p008",
    "p009",
    "p015",
    "p017",
    "p024",
    "p029",
    "p030"
  ],
  "warning": "Research/demo model only; not clinically validated."
}